{"accuracy": [0.411750465631485, 0.7209616899490356, 0.7954904437065125, 0.8268724679946899, 0.8421082496643066], "loss": [1.9998022317886353, 0.8808438181877136, 0.6349682211875916, 0.5419240593910217, 0.48422136902809143], "val_accuracy": [0.6758479475975037, 0.8142499327659607, 0.845037579536438, 0.8297860026359558, 0.8624516129493713], "val_loss": [1.0123779773712158, 0.5711653828620911, 0.47188082337379456, 0.5303155183792114, 0.41652923822402954]}